gene1,gene2,gene3,gene4,gene5,gene6,gene7,label
151,100,135,107,156,72,80,num
64.34437,70.98,65.66667,73.1028,70.3141,71.11111,70.575,hp
74.5298,69.96,77.18519,82.6729,80.55769,76.52778,84.6375,attack
70.07947,71.79,72.63704,76.16822,71.96154,73.55556,78.0125,defense
69.40397,65.4,71.56296,74.63551,69.97436,76.56944,75.25,sp_attack
67.74172,73.44,69.39259,74.52336,67.71154,73.19444,75.65,sp_defense
70.15232,61.61,63.57778,70.07477,66.51923,66.65278,64.0375,speed
